path,video,track,label,frame_idx,width,height,area,blur_var,resolution_score,sharpness_score,person_count,person_overlap,person_max_conf,overlap_score,quality_score,accepted,reasons
C:\Users\Karsel\Desktop\Final_tool\TransReID\data\scvd_object_tracks_v1\n001_converted\bench_0001\frame_00000000_0.4619.jpg,n001_converted,bench_0001,bench,0,155,146,22630,30.07603060160678,0.6517857142857143,0.3338960476025936,0,0.0,0.0,1.0,0.5847942285689606,True,blur<60
C:\Users\Karsel\Desktop\Final_tool\TransReID\data\scvd_object_tracks_v1\n001_converted\chair_0001\frame_00000000_0.6177.jpg,n001_converted,chair_0001,chair,0,122,157,19154,34.37172436073692,0.5446428571428571,0.3642163433334188,0,0.0,0.0,1.0,0.5692529872142986,True,blur<60
C:\Users\Karsel\Desktop\Final_tool\TransReID\data\scvd_object_tracks_v1\n001_converted\chair_0001\frame_00000030_0.5010.jpg,n001_converted,chair_0001,chair,30,118,151,17818,40.49988903277286,0.5267857142857143,0.4029844154312042,0,0.0,0.0,1.0,0.5717199837432522,True,blur<60
C:\Users\Karsel\Desktop\Final_tool\TransReID\data\scvd_object_tracks_v1\n001_converted\chair_0001\frame_00000150_0.6040.jpg,n001_converted,chair_0001,chair,150,109,160,17440,49.601794672165646,0.48660714285714285,0.45256370865578954,0,0.0,0.0,1.0,0.5716233955840827,True,blur<60
C:\Users\Karsel\Desktop\Final_tool\TransReID\data\scvd_object_tracks_v1\n001_converted\chair_0002\frame_00000000_0.5796.jpg,n001_converted,chair_0002,chair,0,62,91,5642,166.44175033152004,0.2767857142857143,0.7350311949445828,0,0.0,0.0,1.0,0.19155066689008632,False,width<64
C:\Users\Karsel\Desktop\Final_tool\TransReID\data\scvd_object_tracks_v1\n001_converted\chair_0002\frame_00000030_0.4609.jpg,n001_converted,chair_0002,chair,30,65,91,5915,180.0514730733861,0.29017857142857145,0.7500536062877755,0,0.0,0.0,1.0,0.772555364114698,True,
C:\Users\Karsel\Desktop\Final_tool\TransReID\data\scvd_object_tracks_v1\n001_converted\chair_0002\frame_00000060_0.3606.jpg,n001_converted,chair_0002,chair,60,64,95,6080,453.73665899303154,0.2857142857142857,0.883208646006292,0,0.0,0.0,1.0,0.7980703006298299,True,
C:\Users\Karsel\Desktop\Final_tool\TransReID\data\scvd_object_tracks_v1\n001_converted\chair_0003\frame_00000000_0.4312.jpg,n001_converted,chair_0003,chair,0,155,146,22630,30.07603060160678,0.6517857142857143,0.3338960476025936,0,0.0,0.0,1.0,0.5847942285689606,True,blur<60
C:\Users\Karsel\Desktop\Final_tool\TransReID\data\scvd_object_tracks_v1\n001_converted\chair_0003\frame_00000030_0.6621.jpg,n001_converted,chair_0003,chair,30,154,158,24332,28.696140266237048,0.6875,0.32353313436301223,0,0.0,0.0,1.0,0.5899362201544518,True,blur<60
C:\Users\Karsel\Desktop\Final_tool\TransReID\data\scvd_object_tracks_v1\n001_converted\chair_0003\frame_00000060_0.3577.jpg,n001_converted,chair_0003,chair,60,138,162,22356,137.4486605670098,0.6160714285714286,0.6961235400245357,0,0.0,0.0,1.0,0.8432425651477644,True,
C:\Users\Karsel\Desktop\Final_tool\TransReID\data\scvd_object_tracks_v1\n001_converted\chair_0003\frame_00000120_0.6216.jpg,n001_converted,chair_0003,chair,120,154,158,24332,84.02033470954119,0.6875,0.5833921638843055,0,0.0,0.0,1.0,0.8385534327768611,True,
C:\Users\Karsel\Desktop\Final_tool\TransReID\data\scvd_object_tracks_v1\n001_converted\chair_0003\frame_00000150_0.6558.jpg,n001_converted,chair_0003,chair,150,154,165,25410,77.56702179494388,0.6875,0.5638489572781809,0,0.0,0.0,1.0,0.8346447914556362,True,
C:\Users\Karsel\Desktop\Final_tool\TransReID\data\scvd_object_tracks_v1\n001_converted\chair_0004\frame_00000000_0.4243.jpg,n001_converted,chair_0004,chair,0,78,78,6084,83.13094585079111,0.3482142857142857,0.580803440909642,0,0.0,0.0,1.0,0.7532142596104998,True,
C:\Users\Karsel\Desktop\Final_tool\TransReID\data\scvd_object_tracks_v1\n001_converted\chair_0004\frame_00000060_0.4282.jpg,n001_converted,chair_0004,chair,60,69,80,5520,85.95339161940768,0.3080357142857143,0.5889098613312274,0,0.0,0.0,1.0,0.7447909008376741,True,
C:\Users\Karsel\Desktop\Final_tool\TransReID\data\scvd_object_tracks_v1\n001_converted\chair_0004\frame_00000120_0.4766.jpg,n001_converted,chair_0004,chair,120,77,75,5775,94.93140083581643,0.33482142857142855,0.6127318304984342,0,0.0,0.0,1.0,0.756251723242544,True,
C:\Users\Karsel\Desktop\Final_tool\TransReID\data\scvd_object_tracks_v1\n001_converted\chair_0004\frame_00000150_0.3850.jpg,n001_converted,chair_0004,chair,150,74,79,5846,75.74045079260374,0.33035714285714285,0.5579799562352029,0,0.0,0.0,1.0,0.7441852769613263,True,
C:\Users\Karsel\Desktop\Final_tool\TransReID\data\scvd_object_tracks_v1\n001_converted\chair_0005\frame_00000000_0.3804.jpg,n001_converted,chair_0005,chair,0,51,120,6120,43.30373990772779,0.22767857142857142,0.419188501272144,0,0.0,0.0,1.0,0.12951700183341971,False,width<64;blur<60
C:\Users\Karsel\Desktop\Final_tool\TransReID\data\scvd_object_tracks_v1\n001_converted\chair_0006\frame_00000060_0.4707.jpg,n001_converted,chair_0006,chair,60,64,61,3904,1015.7619585602617,0.27232142857142855,0.944225579346289,0,0.0,0.0,1.0,0.20173136825302873,False,height<64
C:\Users\Karsel\Desktop\Final_tool\TransReID\data\scvd_object_tracks_v1\n001_converted\chair_0006\frame_00000150_0.3540.jpg,n001_converted,chair_0006,chair,150,64,62,3968,926.0940822954605,0.2767857142857143,0.9391538788466004,0,0.0,0.0,1.0,0.20175680108518718,False,height<64
C:\Users\Karsel\Desktop\Final_tool\TransReID\data\scvd_object_tracks_v1\n001_converted\dining_table_0001\frame_00000000_0.6377.jpg,n001_converted,dining_table_0001,dining_table,0,196,99,19404,148.17259117357955,0.4419642857142857,0.7117776184571268,0,0.0,0.0,1.0,0.8028465951199968,True,
C:\Users\Karsel\Desktop\Final_tool\TransReID\data\scvd_object_tracks_v1\n001_converted\dining_table_0001\frame_00000030_0.5156.jpg,n001_converted,dining_table_0001,dining_table,30,332,109,36188,144.93010023820435,0.48660714285714285,0.7072172417314104,0,0.0,0.0,1.0,0.8130952340605678,True,
C:\Users\Karsel\Desktop\Final_tool\TransReID\data\scvd_object_tracks_v1\n001_converted\dining_table_0001\frame_00000060_0.6494.jpg,n001_converted,dining_table_0001,dining_table,60,200,99,19800,377.00986543209876,0.4419642857142857,0.8627033283546717,0,0.0,0.0,1.0,0.8330317370995057,True,
C:\Users\Karsel\Desktop\Final_tool\TransReID\data\scvd_object_tracks_v1\n001_converted\dining_table_0001\frame_00000090_0.5991.jpg,n001_converted,dining_table_0001,dining_table,90,325,109,35425,254.15143567478086,0.48660714285714285,0.8090093082938706,0,0.0,0.0,1.0,0.8334536473730598,True,
C:\Users\Karsel\Desktop\Final_tool\TransReID\data\scvd_object_tracks_v1\n001_converted\dining_table_0001\frame_00000120_0.5322.jpg,n001_converted,dining_table_0001,dining_table,120,199,98,19502,378.4176558926226,0.4375,0.8631441977904849,0,0.0,0.0,1.0,0.8320038395580971,True,
C:\Users\Karsel\Desktop\Final_tool\TransReID\data\scvd_object_tracks_v1\n001_converted\dining_table_0001\frame_00000150_0.3804.jpg,n001_converted,dining_table_0001,dining_table,150,191,99,18909,320.88872829609096,0.4419642857142857,0.8424736792070205,0,0.0,0.0,1.0,0.8289858072699756,True,
C:\Users\Karsel\Desktop\Final_tool\TransReID\data\scvd_object_tracks_v1\n001_converted\dining_table_0002\frame_00000000_0.4524.jpg,n001_converted,dining_table_0002,dining_table,0,236,62,14632,198.49205837766993,0.2767857142857143,0.7678845517476713,0,0.0,0.0,1.0,0.19319333473024072,False,height<64
C:\Users\Karsel\Desktop\Final_tool\TransReID\data\scvd_object_tracks_v1\n001_converted\dining_table_0002\frame_00000030_0.7041.jpg,n001_converted,dining_table_0002,dining_table,30,235,62,14570,229.60527901890336,0.2767857142857143,0.7928214561445075,0,0.0,0.0,1.0,0.19444017995008253,False,height<64
C:\Users\Karsel\Desktop\Final_tool\TransReID\data\scvd_object_tracks_v1\n001_converted\dining_table_0002\frame_00000060_0.5420.jpg,n001_converted,dining_table_0002,dining_table,60,235,62,14570,382.77576000930827,0.2767857142857143,0.8644912268938602,0,0.0,0.0,1.0,0.19802366848755018,False,height<64
C:\Users\Karsel\Desktop\Final_tool\TransReID\data\scvd_object_tracks_v1\n001_converted\dining_table_0002\frame_00000090_0.4514.jpg,n001_converted,dining_table_0002,dining_table,90,238,68,16184,328.27608392863556,0.30357142857142855,0.8454707810151194,0,0.0,0.0,1.0,0.7949870133458811,True,
C:\Users\Karsel\Desktop\Final_tool\TransReID\data\scvd_object_tracks_v1\n001_converted\dining_table_0002\frame_00000120_0.4504.jpg,n001_converted,dining_table_0002,dining_table,120,216,59,12744,399.5483329254755,0.26339285714285715,0.8694370195664922,0,0.0,0.0,1.0,0.1974339045497532,False,height<64
C:\Users\Karsel\Desktop\Final_tool\TransReID\data\scvd_object_tracks_v1\n001_converted\dining_table_0002\frame_00000150_0.5410.jpg,n001_converted,dining_table_0002,dining_table,150,215,57,12255,380.7665336141204,0.2544642857142857,0.8638735125645259,0,0.0,0.0,1.0,0.19659769348536915,False,height<64
C:\Users\Karsel\Desktop\Final_tool\TransReID\data\scvd_object_tracks_v1\n001_converted\dining_table_0003\frame_00000000_0.3513.jpg,n001_converted,dining_table_0003,dining_table,0,107,108,11556,377.9278188857102,0.47767857142857145,0.8629911199688853,0,0.0,0.0,1.0,0.8420178668509201,True,
C:\Users\Karsel\Desktop\Final_tool\TransReID\data\scvd_object_tracks_v1\n001_converted\dining_table_0004\frame_00000120_0.4282.jpg,n001_converted,dining_table_0004,dining_table,120,96,50,4800,471.56331093750003,0.22321428571428573,0.8871253926570289,0,0.0,0.0,1.0,0.1958071624899943,False,height<64
C:\Users\Karsel\Desktop\Final_tool\TransReID\data\scvd_object_tracks_v1\n001_converted\handbag_0001\frame_00000150_0.3611.jpg,n001_converted,handbag_0001,handbag,150,64,76,4864,158.10787076236798,0.2857142857142857,0.7249067638399397,0,0.0,0.0,1.0,0.7664099241965594,True,
C:\Users\Karsel\Desktop\Final_tool\TransReID\data\scvd_object_tracks_v1\n002_converted\bench_0001\frame_00000000_0.4795.jpg,n002_converted,bench_0001,bench,0,154,159,24486,30.323752249208688,0.6875,0.33572290227208035,0,0.0,0.0,1.0,0.5917646853408121,True,blur<60
C:\Users\Karsel\Desktop\Final_tool\TransReID\data\scvd_object_tracks_v1\n002_converted\chair_0001\frame_00000000_0.6514.jpg,n002_converted,chair_0001,chair,0,69,84,5796,62.94001535887057,0.3080357142857143,0.5119571131916995,0,0.0,0.0,1.0,0.7294003512097685,True,
C:\Users\Karsel\Desktop\Final_tool\TransReID\data\scvd_object_tracks_v1\n002_converted\chair_0001\frame_00000030_0.5830.jpg,n002_converted,chair_0001,chair,30,71,83,5893,83.90700416837413,0.3169642857142857,0.5830640742837035,0,0.0,0.0,1.0,0.7458538862853121,True,
C:\Users\Karsel\Desktop\Final_tool\TransReID\data\scvd_object_tracks_v1\n002_converted\chair_0001\frame_00000060_0.5312.jpg,n002_converted,chair_0001,chair,60,68,83,5644,522.4487496929814,0.30357142857142855,0.8969866446934138,0,0.0,0.0,1.0,0.8052901860815399,True,
C:\Users\Karsel\Desktop\Final_tool\TransReID\data\scvd_object_tracks_v1\n002_converted\chair_0001\frame_00000090_0.4233.jpg,n002_converted,chair_0001,chair,90,73,74,5402,64.61199432354712,0.32589285714285715,0.5185054189549858,0,0.0,0.0,1.0,0.7351742980767115,True,
C:\Users\Karsel\Desktop\Final_tool\TransReID\data\scvd_object_tracks_v1\n002_converted\chair_0001\frame_00000120_0.4629.jpg,n002_converted,chair_0001,chair,120,85,77,6545,132.42854820100138,0.34375,0.6881959534542299,0,0.0,0.0,1.0,0.773576690690846,True,
C:\Users\Karsel\Desktop\Final_tool\TransReID\data\scvd_object_tracks_v1\n002_converted\chair_0001\frame_00000150_0.4805.jpg,n002_converted,chair_0001,chair,150,77,76,5852,123.17606458862934,0.3392857142857143,0.6724462874844157,0,0.0,0.0,1.0,0.7693106860683118,True,
C:\Users\Karsel\Desktop\Final_tool\TransReID\data\scvd_object_tracks_v1\n002_converted\chair_0002\frame_00000000_0.6479.jpg,n002_converted,chair_0002,chair,0,63,94,5922,250.34980583451124,0.28125,0.8066697678812341,0,0.0,0.0,1.0,0.1954116133940617,False,width<64
C:\Users\Karsel\Desktop\Final_tool\TransReID\data\scvd_object_tracks_v1\n002_converted\chair_0002\frame_00000030_0.6187.jpg,n002_converted,chair_0002,chair,30,60,93,5580,324.8540600711707,0.26785714285714285,0.8440967467280863,0,0.0,0.0,1.0,0.19644590876497575,False,width<64
C:\Users\Karsel\Desktop\Final_tool\TransReID\data\scvd_object_tracks_v1\n002_converted\chair_0002\frame_00000090_0.3989.jpg,n002_converted,chair_0002,chair,90,50,88,4400,306.2379958161157,0.22321428571428573,0.8361721047913189,0,0.0,0.0,1.0,0.1932594980967088,False,width<64
C:\Users\Karsel\Desktop\Final_tool\TransReID\data\scvd_object_tracks_v1\n002_converted\chair_0002\frame_00000120_0.3999.jpg,n002_converted,chair_0002,chair,120,63,90,5670,347.5044645695498,0.28125,0.8527623493318571,0,0.0,0.0,1.0,0.19771624246659286,False,width<64
C:\Users\Karsel\Desktop\Final_tool\TransReID\data\scvd_object_tracks_v1\n002_converted\chair_0002\frame_00000150_0.3774.jpg,n002_converted,chair_0002,chair,150,61,76,4636,221.31072258894454,0.27232142857142855,0.7867127159327201,0,0.0,0.0,1.0,0.1938557250823503,False,width<64
C:\Users\Karsel\Desktop\Final_tool\TransReID\data\scvd_object_tracks_v1\n002_converted\chair_0003\frame_00000000_0.5679.jpg,n002_converted,chair_0003,chair,0,63,61,3843,577.6420122111372,0.27232142857142855,0.9059033143190498,0,0.0,0.0,1.0,0.19981525500166678,False,width<64;height<64
C:\Users\Karsel\Desktop\Final_tool\TransReID\data\scvd_object_tracks_v1\n002_converted\chair_0003\frame_00000030_0.5571.jpg,n002_converted,chair_0003,chair,30,62,61,3782,791.1402913016401,0.27232142857142855,0.9295063333117004,0,0.0,0.0,1.0,0.2009954059512993,False,width<64;height<64
C:\Users\Karsel\Desktop\Final_tool\TransReID\data\scvd_object_tracks_v1\n002_converted\chair_0003\frame_00000060_0.4883.jpg,n002_converted,chair_0003,chair,60,63,61,3843,894.3093993228495,0.27232142857142855,0.9371273089811604,0,0.0,0.0,1.0,0.2013764547347723,False,width<64;height<64
C:\Users\Karsel\Desktop\Final_tool\TransReID\data\scvd_object_tracks_v1\n002_converted\chair_0003\frame_00000090_0.4619.jpg,n002_converted,chair_0003,chair,90,61,61,3721,882.5844751503357,0.27232142857142855,0.9363452278476893,0,0.0,0.0,1.0,0.20133735067809874,False,width<64;height<64
C:\Users\Karsel\Desktop\Final_tool\TransReID\data\scvd_object_tracks_v1\n002_converted\chair_0003\frame_00000120_0.3904.jpg,n002_converted,chair_0003,chair,120,62,61,3782,904.2258106463834,0.27232142857142855,0.9377739121505385,0,0.0,0.0,1.0,0.2014087848932412,False,width<64;height<64
C:\Users\Karsel\Desktop\Final_tool\TransReID\data\scvd_object_tracks_v1\n002_converted\chair_0003\frame_00000150_0.4570.jpg,n002_converted,chair_0003,chair,150,62,61,3782,930.9864076153542,0.27232142857142855,0.9394542654279385,0,0.0,0.0,1.0,0.20149280255711122,False,width<64;height<64
C:\Users\Karsel\Desktop\Final_tool\TransReID\data\scvd_object_tracks_v1\n002_converted\chair_0004\frame_00000000_0.4368.jpg,n002_converted,chair_0004,chair,0,112,150,16800,70.97550586380386,0.5,0.5418990779665965,0,0.0,0.0,1.0,0.7833798155933194,True,
C:\Users\Karsel\Desktop\Final_tool\TransReID\data\scvd_object_tracks_v1\n002_converted\chair_0004\frame_00000030_0.3960.jpg,n002_converted,chair_0004,chair,30,104,148,15392,146.31544465075683,0.4642857142857143,0.7091831874168908,0,0.0,0.0,1.0,0.8079080660548068,True,
C:\Users\Karsel\Desktop\Final_tool\TransReID\data\scvd_object_tracks_v1\n002_converted\chair_0006\frame_00000000_0.4082.jpg,n002_converted,chair_0006,chair,0,113,161,18193,34.226222746259,0.5044642857142857,0.3632345832054258,0,0.0,0.0,1.0,0.5615722410522425,True,blur<60
C:\Users\Karsel\Desktop\Final_tool\TransReID\data\scvd_object_tracks_v1\n002_converted\chair_0006\frame_00000030_0.5957.jpg,n002_converted,chair_0006,chair,30,104,164,17056,50.280827473410625,0.4642857142857143,0.4559344414198709,0,0.0,0.0,1.0,0.5679437376415521,True,blur<60
C:\Users\Karsel\Desktop\Final_tool\TransReID\data\scvd_object_tracks_v1\n002_converted\chair_0006\frame_00000090_0.6104.jpg,n002_converted,chair_0006,chair,90,103,157,16171,78.0873880671182,0.45982142857142855,0.5654925417892861,0,0.0,0.0,1.0,0.7780538655007143,True,
C:\Users\Karsel\Desktop\Final_tool\TransReID\data\scvd_object_tracks_v1\n002_converted\chair_0006\frame_00000120_0.5571.jpg,n002_converted,chair_0006,chair,120,107,156,16692,76.83901424543538,0.47767857142857145,0.5615285572549976,0,0.0,0.0,1.0,0.7817253543081425,True,
C:\Users\Karsel\Desktop\Final_tool\TransReID\data\scvd_object_tracks_v1\n002_converted\chair_0006\frame_00000150_0.5078.jpg,n002_converted,chair_0006,chair,150,113,168,18984,59.36244021569653,0.5044642857142857,0.4973293115357253,0,0.0,0.0,1.0,0.5816864503017873,True,blur<60
C:\Users\Karsel\Desktop\Final_tool\TransReID\data\scvd_object_tracks_v1\n002_converted\chair_0007\frame_00000000_0.4016.jpg,n002_converted,chair_0007,chair,0,64,112,7168,54.85679608948377,0.2857142857142857,0.4776103631407705,0,0.0,0.0,1.0,0.5377129830425441,True,blur<60
C:\Users\Karsel\Desktop\Final_tool\TransReID\data\scvd_object_tracks_v1\n002_converted\chair_0008\frame_00000000_0.3694.jpg,n002_converted,chair_0008,chair,0,119,193,22967,54.60008212699309,0.53125,0.4764401657800601,0,0.0,0.0,1.0,0.583575399867009,True,blur<60
C:\Users\Karsel\Desktop\Final_tool\TransReID\data\scvd_object_tracks_v1\n002_converted\chair_0009\frame_00000000_0.3621.jpg,n002_converted,chair_0009,chair,0,90,205,18450,48.105214045137735,0.4017857142857143,0.44498514220648155,0,0.0,0.0,1.0,0.5545825927595437,True,blur<60
C:\Users\Karsel\Desktop\Final_tool\TransReID\data\scvd_object_tracks_v1\n002_converted\chair_0010\frame_00000000_0.3567.jpg,n002_converted,chair_0010,chair,0,54,90,4860,220.644631534827,0.24107142857142858,0.7862064929877192,0,0.0,0.0,1.0,0.19187728893510025,False,width<64
C:\Users\Karsel\Desktop\Final_tool\TransReID\data\scvd_object_tracks_v1\n002_converted\chair_0011\frame_00000000_0.3540.jpg,n002_converted,chair_0011,chair,0,55,77,4235,41.78802529658814,0.24553571428571427,0.41053969929003864,0,0.0,0.0,1.0,0.13002972533051932,False,width<64;blur<60
C:\Users\Karsel\Desktop\Final_tool\TransReID\data\scvd_object_tracks_v1\n002_converted\chair_0012\frame_00000060_0.4961.jpg,n002_converted,chair_0012,chair,60,144,148,21312,84.87659336384526,0.6428571428571429,0.5858544254328573,0,0.0,0.0,1.0,0.8278851708008572,True,
C:\Users\Karsel\Desktop\Final_tool\TransReID\data\scvd_object_tracks_v1\n002_converted\chair_0012\frame_00000090_0.7500.jpg,n002_converted,chair_0012,chair,90,149,152,22648,91.05033759607981,0.6651785714285714,0.6027814240280309,0,0.0,0.0,1.0,0.836850927662749,True,
C:\Users\Karsel\Desktop\Final_tool\TransReID\data\scvd_object_tracks_v1\n002_converted\chair_0012\frame_00000120_0.7393.jpg,n002_converted,chair_0012,chair,120,153,147,22491,72.61965332820938,0.65625,0.5475783679549291,0,0.0,0.0,1.0,0.8235781735909858,True,
C:\Users\Karsel\Desktop\Final_tool\TransReID\data\scvd_object_tracks_v1\n002_converted\chair_0012\frame_00000150_0.3738.jpg,n002_converted,chair_0012,chair,150,148,130,19240,68.56092863533611,0.5803571428571429,0.5332952193415592,0,0.0,0.0,1.0,0.8017483295825976,True,
C:\Users\Karsel\Desktop\Final_tool\TransReID\data\scvd_object_tracks_v1\n002_converted\chair_0013\frame_00000060_0.3896.jpg,n002_converted,chair_0013,chair,60,66,70,4620,668.4773720507487,0.29464285714285715,0.9176364259179486,0,0.0,0.0,1.0,0.8071879994693041,True,
C:\Users\Karsel\Desktop\Final_tool\TransReID\data\scvd_object_tracks_v1\n002_converted\chair_0013\frame_00000150_0.4282.jpg,n002_converted,chair_0013,chair,150,60,69,4140,679.5757191533058,0.26785714285714285,0.9188724042094158,0,0.0,0.0,1.0,0.20018469163904223,False,width<64
C:\Users\Karsel\Desktop\Final_tool\TransReID\data\scvd_object_tracks_v1\n002_converted\dining_table_0001\frame_00000000_0.7114.jpg,n002_converted,dining_table_0001,dining_table,0,221,60,13260,238.378107754414,0.26785714285714285,0.7989128610957471,0,0.0,0.0,1.0,0.19418671448335878,False,height<64
C:\Users\Karsel\Desktop\Final_tool\TransReID\data\scvd_object_tracks_v1\n002_converted\dining_table_0001\frame_00000030_0.5557.jpg,n002_converted,dining_table_0001,dining_table,30,227,58,13166,304.9420433257986,0.25892857142857145,0.8355903324999044,0,0.0,0.0,1.0,0.19546255233928095,False,height<64
C:\Users\Karsel\Desktop\Final_tool\TransReID\data\scvd_object_tracks_v1\n002_converted\dining_table_0001\frame_00000060_0.6504.jpg,n002_converted,dining_table_0001,dining_table,60,233,60,13980,372.7624145263722,0.26785714285714285,0.8613557971163791,0,0.0,0.0,1.0,0.1973088612843904,False,height<64
C:\Users\Karsel\Desktop\Final_tool\TransReID\data\scvd_object_tracks_v1\n002_converted\dining_table_0001\frame_00000090_0.5137.jpg,n002_converted,dining_table_0001,dining_table,90,238,71,16898,366.5141846182678,0.3169642857142857,0.8593247254984022,0,0.0,0.0,1.0,0.8011060165282519,True,
C:\Users\Karsel\Desktop\Final_tool\TransReID\data\scvd_object_tracks_v1\n002_converted\dining_table_0001\frame_00000120_0.5747.jpg,n002_converted,dining_table_0001,dining_table,120,228,59,13452,360.7023329786842,0.26339285714285715,0.8573813471031071,0,0.0,0.0,1.0,0.19683112092658395,False,height<64
C:\Users\Karsel\Desktop\Final_tool\TransReID\data\scvd_object_tracks_v1\n002_converted\dining_table_0001\frame_00000150_0.4717.jpg,n002_converted,dining_table_0001,dining_table,150,216,58,12528,349.5522413701355,0.25892857142857145,0.8534985431912834,0,0.0,0.0,1.0,0.1963579628738499,False,height<64
C:\Users\Karsel\Desktop\Final_tool\TransReID\data\scvd_object_tracks_v1\n002_converted\dining_table_0002\frame_00000000_0.5947.jpg,n002_converted,dining_table_0002,dining_table,0,328,113,37064,135.6760912538728,0.5044642857142857,0.6933708169683582,0,0.0,0.0,1.0,0.8147902348222431,True,
C:\Users\Karsel\Desktop\Final_tool\TransReID\data\scvd_object_tracks_v1\n002_converted\dining_table_0002\frame_00000030_0.6494.jpg,n002_converted,dining_table_0002,dining_table,30,331,111,36741,182.23079192867172,0.4955357142857143,0.7523023414064226,0,0.0,0.0,1.0,0.8243443968527132,True,
C:\Users\Karsel\Desktop\Final_tool\TransReID\data\scvd_object_tracks_v1\n002_converted\dining_table_0002\frame_00000060_0.5669.jpg,n002_converted,dining_table_0002,dining_table,60,333,104,34632,320.8629302304263,0.4642857142857143,0.8424630090313612,0,0.0,0.0,1.0,0.8345640303777009,True,
C:\Users\Karsel\Desktop\Final_tool\TransReID\data\scvd_object_tracks_v1\n002_converted\dining_table_0002\frame_00000090_0.6362.jpg,n002_converted,dining_table_0002,dining_table,90,329,104,34216,263.9884727483458,0.4642857142857143,0.8148082260735113,0,0.0,0.0,1.0,0.8290330737861309,True,
C:\Users\Karsel\Desktop\Final_tool\TransReID\data\scvd_object_tracks_v1\n002_converted\dining_table_0002\frame_00000120_0.6021.jpg,n002_converted,dining_table_0002,dining_table,120,325,107,34775,273.7919964276873,0.47767857142857145,0.820247337736876,0,0.0,0.0,1.0,0.8334691104045182,True,
C:\Users\Karsel\Desktop\Final_tool\TransReID\data\scvd_object_tracks_v1\n002_converted\dining_table_0002\frame_00000150_0.6260.jpg,n002_converted,dining_table_0002,dining_table,150,329,106,34874,241.07258159457862,0.4732142857142857,0.8007125069901071,0,0.0,0.0,1.0,0.8284460728265929,True,
C:\Users\Karsel\Desktop\Final_tool\TransReID\data\scvd_object_tracks_v1\n002_converted\dining_table_0003\frame_00000000_0.5459.jpg,n002_converted,dining_table_0003,dining_table,0,131,102,13362,440.2032500577284,0.45535714285714285,0.8800487601928308,0,0.0,0.0,1.0,0.8398490377528519,True,
C:\Users\Karsel\Desktop\Final_tool\TransReID\data\scvd_object_tracks_v1\n002_converted\dining_table_0003\frame_00000030_0.4446.jpg,n002_converted,dining_table_0003,dining_table,30,123,100,12300,613.0886434992399,0.44642857142857145,0.9108586950924128,0,0.0,0.0,1.0,0.8437788818756256,True,
C:\Users\Karsel\Desktop\Final_tool\TransReID\data\scvd_object_tracks_v1\n002_converted\dining_table_0003\frame_00000060_0.3748.jpg,n002_converted,dining_table_0003,dining_table,60,122,103,12566,753.3456352591058,0.45982142857142855,0.9262306239820345,0,0.0,0.0,1.0,0.850201481939264,True,
C:\Users\Karsel\Desktop\Final_tool\TransReID\data\scvd_object_tracks_v1\n002_converted\dining_table_0003\frame_00000090_0.4426.jpg,n002_converted,dining_table_0003,dining_table,90,118,110,12980,724.2086237390224,0.49107142857142855,0.9234897472640298,0,0.0,0.0,1.0,0.8574658065956631,True,
C:\Users\Karsel\Desktop\Final_tool\TransReID\data\scvd_object_tracks_v1\n002_converted\dining_table_0003\frame_00000150_0.4436.jpg,n002_converted,dining_table_0003,dining_table,150,120,126,15120,588.2190003385614,0.5357142857142857,0.9074386897504357,0,0.0,0.0,1.0,0.8654163093786587,True,
C:\Users\Karsel\Desktop\Final_tool\TransReID\data\scvd_object_tracks_v1\n002_converted\dining_table_0004\frame_00000000_0.4456.jpg,n002_converted,dining_table_0004,dining_table,0,334,176,58784,104.5147843622655,0.7857142857142857,0.6352911367049021,0,0.0,0.0,1.0,0.8734867987695518,True,
C:\Users\Karsel\Desktop\Final_tool\TransReID\data\scvd_object_tracks_v1\n002_converted\dining_table_0004\frame_00000030_0.4055.jpg,n002_converted,dining_table_0004,dining_table,30,336,181,60816,135.2625977316234,0.8080357142857143,0.6927214904593948,0,0.0,0.0,1.0,0.8905532266633076,True,
C:\Users\Karsel\Desktop\Final_tool\TransReID\data\scvd_object_tracks_v1\n002_converted\dining_table_0004\frame_00000060_0.3701.jpg,n002_converted,dining_table_0004,dining_table,60,339,176,59664,221.12417080990772,0.7857142857142857,0.7865711801758548,0,0.0,0.0,1.0,0.9037428074637424,True,
C:\Users\Karsel\Desktop\Final_tool\TransReID\data\scvd_object_tracks_v1\n002_converted\dining_table_0004\frame_00000120_0.3721.jpg,n002_converted,dining_table_0004,dining_table,120,332,176,58432,205.1236511124224,0.7857142857142857,0.7736905034754603,0,0.0,0.0,1.0,0.9011666721236635,True,
C:\Users\Karsel\Desktop\Final_tool\TransReID\data\scvd_object_tracks_v1\n002_converted\dining_table_0004\frame_00000150_0.3943.jpg,n002_converted,dining_table_0004,dining_table,150,338,179,60502,176.97875096792592,0.7991071428571429,0.7468127426829052,0,0.0,0.0,1.0,0.8991393342508668,True,
C:\Users\Karsel\Desktop\Final_tool\TransReID\data\scvd_object_tracks_v1\n002_converted\dining_table_0005\frame_00000000_0.4121.jpg,n002_converted,dining_table_0005,dining_table,0,134,33,4422,489.89933974917966,0.14732142857142858,0.8908891215847482,0,0.0,0.0,1.0,0.1912520453649517,False,height<64
C:\Users\Karsel\Desktop\Final_tool\TransReID\data\scvd_object_tracks_v1\n002_converted\dining_table_0005\frame_00000090_0.3840.jpg,n002_converted,dining_table_0005,dining_table,90,119,39,4641,790.7990091964386,0.17410714285714285,0.9294780560961529,0,0.0,0.0,1.0,0.19485559923337908,False,height<64
C:\Users\Karsel\Desktop\Final_tool\TransReID\data\scvd_object_tracks_v1\n002_converted\dining_table_0006\frame_00000000_0.3923.jpg,n002_converted,dining_table_0006,dining_table,0,116,53,6148,180.74138531596884,0.23660714285714285,0.7507698980744375,0,0.0,0.0,1.0,0.18982644133229332,False,height<64
C:\Users\Karsel\Desktop\Final_tool\TransReID\data\scvd_object_tracks_v1\n002_converted\dining_table_0006\frame_00000060_0.4006.jpg,n002_converted,dining_table_0006,dining_table,60,120,51,6120,354.6604030234098,0.22767857142857142,0.8553032805579638,0,0.0,0.0,1.0,0.19449507474218392,False,height<64
C:\Users\Karsel\Desktop\Final_tool\TransReID\data\scvd_object_tracks_v1\n002_converted\dining_table_0006\frame_00000150_0.4065.jpg,n002_converted,dining_table_0006,dining_table,150,110,50,5500,287.5111900495868,0.22321428571428573,0.827343689302671,0,0.0,0.0,1.0,0.1928180773222764,False,height<64
C:\Users\Karsel\Desktop\Final_tool\TransReID\data\scvd_object_tracks_v1\n002_converted\dining_table_0007\frame_00000000_0.3567.jpg,n002_converted,dining_table_0007,dining_table,0,67,33,2211,1111.5233568598765,0.14732142857142858,0.9487846318652813,0,0.0,0.0,1.0,0.19414682087897836,False,height<64
C:\Users\Karsel\Desktop\Final_tool\TransReID\data\scvd_object_tracks_v1\n002_converted\dining_table_0007\frame_00000090_0.3567.jpg,n002_converted,dining_table_0007,dining_table,90,70,34,2380,1076.3901382317633,0.15178571428571427,0.9472012313540834,0,0.0,0.0,1.0,0.19434666871056133,False,height<64
C:\Users\Karsel\Desktop\Final_tool\TransReID\data\scvd_object_tracks_v1\n002_converted\dining_table_0008\frame_00000000_0.3523.jpg,n002_converted,dining_table_0008,dining_table,0,104,100,10400,168.67914315828403,0.44642857142857145,0.737623645202877,0,0.0,0.0,1.0,0.8091318718977184,True,
