cluster_id,total,image,video
0,2459,2441,18
1,512,4,508
2,2349,2044,305
3,1465,26,1439
4,2027,50,1977
5,2119,250,1869
6,1106,53,1053
7,43,0,43
8,667,157,510
9,1480,1464,16
10,1279,1279,0
11,1827,1816,11
12,113,5,108
13,1757,416,1341
14,1374,74,1300
15,1141,8,1133
16,1886,1886,0
17,1779,1777,2
18,340,0,340
19,1446,0,1446
20,116,0,116
21,1840,199,1641
22,1040,1040,0
23,705,0,705
24,293,0,293
25,351,21,330
26,756,265,491
27,1012,0,1012
28,1549,60,1489
29,255,0,255
30,1833,1795,38
31,854,7,847
32,2964,2964,0
33,955,829,126
34,146,3,143
35,972,11,961
36,767,767,0
37,1214,165,1049
38,1397,1397,0
39,610,3,607
40,1346,112,1234
41,2181,2162,19
42,1590,1590,0
43,981,23,958
44,3008,3008,0
45,2303,152,2151
46,527,0,527
47,283,13,270
48,154,0,154
49,578,0,578
50,527,2,525
51,754,29,725
52,1322,205,1117
53,344,0,344
54,1208,6,1202
55,1022,2,1020
56,1755,1755,0
57,182,5,177
58,156,1,155
59,1247,1247,0
60,411,4,407
61,245,0,245
62,1112,21,1091
63,34,34,0
64,420,141,279
65,752,20,732
66,866,111,755
67,145,0,145
68,831,73,758
69,700,18,682
70,2435,2434,1
71,815,97,718
72,1146,0,1146
73,120,1,119
74,133,0,133
75,264,0,264
76,374,1,373
77,947,0,947
78,609,56,553
79,137,4,133
80,144,1,143
81,1493,88,1405
82,149,21,128
83,1051,78,973
84,1145,74,1071
85,314,0,314
86,1582,1,1581
87,2661,2646,15
88,2009,1706,303
89,85,15,70
90,1387,215,1172
91,444,0,444
92,265,0,265
93,2250,2250,0
94,159,0,159
95,1108,171,937
96,430,2,428
97,260,2,258
98,1202,2,1200
99,714,2,712
100,447,0,447
101,715,0,715
102,945,560,385
103,620,73,547
104,1467,273,1194
105,2085,2085,0
106,1824,1692,132
107,1060,119,941
108,310,0,310
109,560,3,557
110,1684,1644,40
111,767,767,0
112,228,4,224
113,155,1,154
114,339,9,330
115,1869,1868,1
116,630,3,627
117,2279,2262,17
118,781,6,775
119,918,188,730
120,1109,0,1109
121,1184,212,972
122,454,3,451
123,2218,2215,3
124,1250,0,1250
125,1019,16,1003
126,833,92,741
127,85,0,85
128,147,0,147
129,1441,19,1422
130,594,8,586
131,687,0,687
132,880,11,869
133,1859,1857,2
134,736,0,736
135,924,96,828
136,1213,1097,116
137,291,4,287
138,641,2,639
139,254,2,252
140,873,173,700
141,679,43,636
142,438,3,435
143,698,618,80
144,195,0,195
145,689,689,0
146,218,0,218
147,815,5,810
148,236,0,236
149,46,0,46
150,301,5,296
151,799,0,799
152,135,0,135
153,1183,1183,0
154,1931,1917,14
155,2161,2019,142
156,67,0,67
157,621,0,621
158,1528,145,1383
159,374,39,335
160,92,0,92
161,827,10,817
162,372,183,189
163,179,4,175
164,321,2,319
165,174,0,174
166,360,22,338
167,1197,2,1195
168,232,7,225
169,1950,1921,29
170,236,0,236
171,581,0,581
172,1670,1670,0
173,193,0,193
174,255,1,254
175,536,2,534
176,734,80,654
177,182,3,179
178,589,0,589
179,50,0,50
180,157,0,157
181,660,11,649
182,922,922,0
183,414,41,373
184,470,23,447
185,1934,3,1931
186,1925,1925,0
187,1486,1460,26
188,300,0,300
189,126,0,126
190,146,0,146
191,1783,1770,13
192,386,0,386
193,345,345,0
194,455,0,455
195,204,80,124
196,280,0,280
197,1085,736,349
198,157,0,157
199,1283,19,1264
200,336,24,312
201,102,2,100
202,304,0,304
203,341,0,341
204,1971,69,1902
205,383,3,380
206,753,45,708
207,373,1,372
208,1618,1616,2
209,130,0,130
210,612,2,610
211,419,2,417
212,492,2,490
213,375,9,366
214,267,0,267
215,618,12,606
216,1445,1441,4
217,619,4,615
218,383,0,383
219,405,9,396
220,1205,1205,0
221,499,2,497
222,98,2,96
223,563,28,535
224,236,2,234
225,272,1,271
226,535,0,535
227,434,434,0
228,231,0,231
229,645,293,352
230,472,0,472
231,430,22,408
232,673,20,653
233,586,0,586
234,767,0,767
235,125,28,97
236,572,6,566
237,117,1,116
238,1207,78,1129
239,1369,1369,0
240,1311,158,1153
241,618,27,591
242,860,7,853
243,206,2,204
244,94,0,94
245,644,644,0
246,255,2,253
247,179,0,179
248,449,1,448
249,250,0,250
250,239,0,239
251,566,2,564
252,73,0,73
253,621,22,599
254,359,0,359
255,752,114,638
256,156,13,143
257,2439,2439,0
258,390,10,380
259,377,0,377
260,421,15,406
261,96,0,96
262,1104,111,993
263,393,5,388
264,173,0,173
265,320,42,278
266,274,1,273
267,910,32,878
268,1600,1587,13
269,70,0,70
270,114,0,114
271,405,0,405
272,105,0,105
273,446,1,445
274,214,0,214
275,122,5,117
276,84,1,83
277,234,0,234
278,132,6,126
279,2408,2127,281
280,769,0,769
281,99,1,98
282,118,13,105
283,889,889,0
284,108,11,97
285,442,1,441
286,140,0,140
287,317,0,317
288,450,0,450
289,512,2,510
290,306,34,272
291,672,8,664
292,1356,1354,2
293,149,19,130
294,82,1,81
295,501,23,478
296,432,2,430
297,282,0,282
298,1154,1045,109
299,431,2,429
